{
  "rouge1": 0.38967321723222276,
  "rouge2": 0.1983473095757469,
  "rougeL": 0.26155524173401107,
  "rougeLsum": 0.26155524173401107,
  "precision": 0.17168518227099225,
  "recall": 0.5891946383153019,
  "f1": 0.26155524173401107
}