epoch,total_loss,mlm_loss,distill_mse_loss,cosine_loss
1,3.1809524574279786,7.848270123672485,0.0005394348429515958,0.20714294900894165
2,2.9999454019546508,7.4272016906738285,0.00037648552199825644,0.144570409655571
3,2.8783341844558716,7.13403588218689,0.0003202044748701155,0.12295848823189735
